Monthly Inflation Rate,EFFR Rate,Volume ,Treasury Par Yield Month,Treasury Par Yield Two Year,Treasury Par Yield Curve Rates (10 Yr),DXY,SP Open,VIX,Crude,Price,output,deviation
3,5.33,96,5.5,4,3.96,103.37,5293.13,24.77,72.84,2385.83,2388.005212,-2.175211524
3,5.33,89,5.5,3.99,3.9,102.78,5206.42,33.71,73.86,2384.9,2478.397519,-93.49751857
3,5.33,86,5.52,3.89,3.78,103.22,5151.14,23.39,74.21,2405.87,2329.017392,76.85260844
3,5.33,89,5.54,3.88,3.8,104.31,5376.63,20.52,76.87,2442.74,2370.371559,72.36844111
3,5.33,83,5.55,4.16,3.99,104.07,5537.84,16.2,78.59,2447.17,2380.64306,66.5269402
3,5.33,78,5.49,4.29,4.09,104.43,5505.59,16.66,75.24,2447.23,2361.223006,86.00699408
3,5.33,87,5.5,4.35,4.15,104.56,5478.73,16.64,75.91,2411.09,2351.108777,59.98122258
3,5.33,90,5.5,4.36,4.17,104.33,5476.55,16.59,77.3,2382.47,2356.079875,26.39012475
3,5.33,85,5.49,4.36,4.2,104.36,5433.67,17.97,78.35,2387.11,2360.950304,26.15969588
3,5.33,88,5.49,4.41,4.27,104.38,5428.7,18.41,77.5,2365.37,2360.606147,4.763853364
3,5.33,86,5.5,4.37,4.28,104.48,5505.84,15.35,77.45,2400.12,2348.243419,51.87658113
3,5.33,85,5.49,4.4,4.25,104.31,5565.3,15.21,78.27,2409.86,2373.036694,36.82330594
3,5.33,84,5.49,4.5,4.26,104.37,5544.54,16.79,80.39,2397.05,2392.243897,4.806102775
3,5.33,79,5.48,4.49,4.25,104.16,5543.37,16.44,82.47,2400.95,2396.885293,4.064706926
3,5.33,83,5.48,4.46,4.2,103.7,5608.56,14.27,83.11,2442.71,2400.282456,42.42754387
3,5.33,80,5.47,4.42,4.16,104.22,5610.07,13.6,80.85,2462.44,2380.861358,81.57864249
3,5.33,85,5.48,4.43,4.17,104.25,5644.09,13.38,81.92,2469.65,2392.848643,76.80135736
3,5.33,88,5.48,4.44,4.23,104.08,5638.16,12.78,82.16,2423.87,2384.566785,39.30321498
3,5.33,88,5.47,4.45,4.18,104.52,5590.76,12.87,82.86,2411.71,2368.147516,43.56248362
3,5.33,90,5.48,4.5,4.2,104.99,5635.21,12.88,82.4,2416.76,2377.638901,39.12109882
3,5.33,88,5.46,4.62,4.28,105.12,5591.26,12.51,81.81,2373.98,2354.283804,19.69619631
3,5.33,84,5.45,4.62,4.3,104.99,5584.24,12.48,82.22,2366.46,2354.042878,12.41712217
3,5.33,80,5.48,4.62,4.28,104.88,5572.75,12.91,83.15,2363.1,2359.233511,3.866489276
3,5.33,89,5.48,4.6,4.28,105.17,5537.91,12.37,83.6,2392.24,2338.30673,53.93327028
3,5.33,88,5.48,4.65,4.32,105.67,5507.44,12.13,83.2,2357.89,2318.016159,39.87384084
3,5.33,88,5.49,4.71,4.36,105.67,5507.44,12.13,83.2,2360.4,2317.500573,42.89942737
3,5.33,85,5.48,4.74,4.43,105.85,5461.84,12.67,83.43,2331.66,2306.259429,25.40057059
3,5.33,85,5.48,4.77,4.48,105.85,5471.08,12.98,81.45,2333.56,2306.19194,27.36806045
3,5.33,67,5.47,4.71,4.36,105.92,5488.48,12.24,81.86,2326.73,2306.630082,20.09991756
3,5.33,82,5.44,4.71,4.32,105.66,5460.71,12.81,80.72,2299.26,2303.564511,-4.304510587
3,5.33,85,5.43,4.65,4.23,105.51,5460.73,13.48,81.7,2321.37,2317.897436,3.472564198
3,5.33,76,5.42,4.71,4.25,105.83,5459.58,13.85,80.45,2332.14,2315.565609,16.57439069
3,5.33,78,5.42,4.7,4.25,105.64,5466.77,13.22,81.27,2320.79,2314.687964,6.102036423
3,5.33,83,5.42,4.7,4.25,105.2,5499.99,12.5,81.52,2361.46,2322.474427,38.98557329
3,5.33,84,5.41,4.7,4.25,105.3,5476.15,12.7,80.43,2330.63,2312.163109,18.46689144
3,5.33,85,5.4,4.69,4.22,105.3,5476.15,12.7,80.43,2329.73,2312.860673,16.86932707
3,5.33,83,5.45,4.75,4.28,105.51,5431.11,13.07,78.48,2321.51,2291.277896,30.23210381
3,5.33,87,5.47,4.67,4.2,105.23,5424.08,12.22,77.96,2333.02,2279.556603,53.46339747
3,5.33,99,5.47,4.68,4.24,104.69,5441.93,12.05,78.37,2303.26,2289.234745,14.02525505
3,5.33,93,5.47,4.75,4.31,105.28,5409.13,13.1,78.22,2322.23,2283.805271,38.42472856
3,5.33,95,5.46,4.81,4.39,105.15,5353,12.85,78.12,2316.43,2260.86557,55.56442973
3,5.33,93,5.47,4.87,4.47,105.04,5341.22,13.09,75.35,2311.13,2250.486593,60.64340707
3,5.33,100,5.47,4.87,4.43,104.09,5343.81,12.69,75.67,2293.85,2257.291022,36.5589782
3,5.33,105,5.48,4.72,4.28,104.25,5357.8,12.75,74.3,2375.74,2258.182295,117.5577046
3,5.33,105,5.48,4.72,4.29,104.17,5314.48,13.14,72.9,2354.75,2243.674177,111.0758229
3,5.33,100,5.48,4.77,4.33,104.05,5278.24,13.51,74.02,2327.09,2240.074067,87.01593342
3,5.33,93,5.49,4.82,4.41,104.63,5297.15,13.08,76.97,2348.47,2244.308076,104.1619235
3.3,5.33,99,5.48,4.89,4.51,104.76,5243.21,14.5,77.91,2327.36,2247.023793,80.33620731
3.3,5.33,96,5.48,4.92,4.55,105.13,5259.77,14.82,79.28,2345.01,2257.298281,87.71171943
3.3,5.33,88,5.5,4.96,4.61,104.64,5278.73,13.75,80.26,2338.59,2257.773908,80.81609204
3.3,5.33,88,5.5,4.94,4.54,104.58,5315.91,12.51,77.81,2360.67,2249.386813,111.2831868
3.3,5.33,89,5.53,4.94,4.5,105.04,5281.45,12.86,77.04,2353.24,2234.509866,118.7301343
3.3,5.33,90,5.56,4.93,4.46,105.04,5281.45,12.86,77.04,2334.2,2234.446461,99.75353925
3.3,5.33,82,5.51,4.91,4.47,104.9,5340.26,11.53,77.29,2334.61,2242.165124,92.4448757
3.3,5.33,80,5.49,4.86,4.43,104.62,5319.28,12.05,78.21,2383.23,2247.823213,135.4067872
3.3,5.33,76,5.5,4.82,4.41,104.6,5298.69,12.3,79.7,2422.84,2248.651407,174.1885934
3.3,5.33,75,5.5,4.82,4.44,104.5,5305.35,12.27,80.01,2427.81,2252.089041,175.7209586
3.3,5.33,77,5.5,4.83,4.42,104.5,5303.1,12.28,79.38,2413.94,2249.751153,164.1888471
3.3,5.33,78,5.51,4.78,4.38,104.21,5310.07,12.52,78.84,2380.32,2256.350315,123.9696851
3.3,5.33,78,5.49,4.73,4.36,105.05,5263.26,13.73,78.44,2386.97,2245.660924,141.3090756
3.3,5.33,76,5.5,4.81,4.45,105.2,5221.1,13.71,79.23,2358.73,2230.338309,128.3916913
3.3,5.33,76,5.5,4.85,4.48,105.31,5233.08,13.26,78.18,2339.65,2224.262721,115.387279
3.3,5.33,79,5.51,4.87,4.5,105.21,5225.49,12.77,79.59,2360.48,2220.506623,139.9733765
3.3,5.33,79,5.51,4.8,4.45,105.52,5189.03,13.08,79.23,2346.1,2207.599013,138.500987
3.3,5.33,77,5.51,4.84,4.48,105.42,5168.98,13.24,78.34,2310.43,2200.376297,110.0537032
3.3,5.33,78,5.51,4.82,4.47,105.14,5187.2,13.52,78.72,2316.67,2214.269308,102.4006919
3.3,5.33,75,5.51,4.82,4.49,105.08,5142.42,13.98,78.16,2327.59,2202.580223,125.009777
3.3,5.33,82,5.51,4.81,4.5,105.31,5122.78,14.51,79.07,2302.57,2202.344288,100.225712
3.3,5.33,83,5.51,4.87,4.58,105.73,5049.32,15.14,79.15,2304.87,2179.161771,125.7082291
3.3,5.33,83,5.47,4.96,4.63,106.32,5029.03,15.75,81.48,2322.67,2182.083734,140.5862662
3.4,5.33,82,5.48,5.04,4.69,105.67,5103.78,14.82,82.76,2296.55,2208.1814,88.36859989
3.4,5.33,78,5.48,4.97,4.63,106.08,5114.13,15.37,83.69,2334.46,2218.421726,116.0382739
3.4,5.33,94,5.48,4.96,4.67,105.58,5084.65,15.49,83.81,2337.94,2213.249611,124.6903887
3.4,5.33,89,5.48,4.96,4.7,105.82,5019.88,16.25,82.83,2330.8,2193.767368,137.0326319
3.4,5.33,71,5.49,4.89,4.65,105.69,5084.86,15.76,83.4,2316.27,2214.72918,101.5408204
3.4,5.33,74,5.49,4.86,4.61,106.12,5028.85,16.72,82.13,2323.65,2198.814163,124.8358367
3.4,5.33,79,5.49,4.97,4.62,106.12,4987.33,18.59,83.05,2334.01,2210.769355,123.2406453
3.4,5.33,85,5.49,4.97,4.62,106.19,5005.44,21.33,82.62,2390.86,2248.78398,142.0760202
3.4,5.33,82,5.49,4.98,4.64,105.93,5031.52,17.91,82.79,2380.14,2218.604037,161.5359632
3.4,5.33,80,5.49,4.93,4.59,106.33,5068.97,18.24,85.36,2367.91,2241.070205,126.8397954
3.4,5.33,83,5.49,4.97,4.67,106.17,5064.59,19.49,85.7,2382.59,2256.329958,126.2600417
3.4,5.33,83,5.49,4.93,4.63,106.01,5149.67,16.94,85.93,2381.97,2257.681891,124.2881093
3.4,5.33,88,5.48,4.88,4.5,105.28,5171.51,14.91,85.6,2344.53,2248.505031,96.02496888
3.4,5.33,92,5.48,4.93,4.56,105.18,5172.95,16.02,86.32,2376.89,2265.178879,111.7111212
3.4,5.33,86,5.49,4.97,4.55,104.1,5167.88,15.24,85.34,2335.6,2261.619767,73.98023316
3.4,5.33,85,5.48,4.74,4.36,104.12,5217.03,15.34,86.59,2354.86,2286.2147,68.64529979
3.4,5.33,82,5.48,4.78,4.42,104.29,5211.37,16.24,86.1,2338.94,2291.37549,47.56451013
3.4,5.33,88,5.47,4.73,4.39,104.21,5158.95,16.45,86.86,2329.93,2278.8227,51.1072997
3.4,5.33,93,5.47,4.65,4.31,104.23,5244.05,14.29,85.66,2289.02,2278.827727,10.19227279
3.4,5.33,93,5.47,4.68,4.36,104.77,5194.37,15,85.46,2297.61,2263.349533,34.26046712
3.4,5.33,94,5.49,4.7,4.36,105,5204.29,13.74,84.04,2279.8,2244.033192,35.76680827
3.4,5.33,93,5.49,4.72,4.33,104.49,5257.97,13.61,83.14,2249.08,2264.293864,-15.21386393
3.5,5.33,53,5.49,4.59,4.2,104.44,5248.03,12.93,81.71,2232.75,2252.469245,-19.71924503
3.5,5.33,82,5.5,4.54,4.2,104.3,5226.31,13.13,81.29,2190.72,2245.444262,-54.72426238
3.5,5.33,85,5.5,4.56,4.24,104.22,5228.85,13.12,81.94,2179.72,2248.396862,-68.67686181
3.5,5.33,85,5.51,4.54,4.25,104.43,5219.52,13.67,80.85,2173.1,2245.688016,-72.58801626
3.5,5.33,91,5.51,4.59,4.22,103.99,5242.48,12.92,80.84,2165.64,2249.57483,-83.93482981
3.5,5.33,93,5.51,4.62,4.27,103.24,5253.43,12.98,81.49,2181.81,2262.859792,-81.04979215
3.5,5.33,91,5.5,4.59,4.27,103.84,5181.69,13.83,83.2,2204.04,2247.728293,-43.68829274
3.5,5.33,89,5.52,4.68,4.3,103.59,5139.09,14.5,82.85,2157.16,2241.992876,-84.83287622
3.5,5.33,91,5.52,4.73,4.34,103.45,5154.77,14.75,81.03,2161.98,2245.638396,-83.65839641
3.5,5.33,90,5.52,4.72,4.31,103.39,5123.31,14.33,81.14,2156.08,2230.770441,-74.69044071
3.5,5.33,95,5.52,4.68,4.29,102.76,5175.14,13.62,79.63,2161.7,2241.449432,-79.74943194
3.5,5.33,89,5.52,4.61,4.19,102.93,5173.49,13.89,78.06,2175.55,2239.014624,-63.46462396
3.5,5.33,86,5.52,4.58,4.16,102.82,5134.3,14.97,78.09,2157.04,2240.116818,-83.07681817
3.5,5.33,85,5.5,4.51,4.1,102.74,5111.96,15.51,77.8,2183.71,2239.817173,-56.1071734
3.5,5.33,85,5.51,4.48,4.09,102.73,5164.46,14.22,79.51,2178.8,2247.842259,-69.04225864
3.5,5.33,98,5.51,4.5,4.09,103.31,5132.38,14.98,79.13,2162.21,2238.615557,-76.40555683
3.5,5.33,99,5.5,4.55,4.11,103.81,5108.03,14.27,78.15,2147.57,2213.330853,-65.76085274
3.5,5.33,101,5.5,4.54,4.13,103.85,5110.52,13.75,78.74,2128.34,2208.760213,-80.42021289
3.5,5.33,91,5.51,4.61,4.22,103.89,5130.99,13.49,80.14,2114.64,2215.968679,-101.3286789
3.5,5.33,84,5.54,4.54,4.19,104.13,5098.51,13.34,78.28,2082.55,2193.740781,-111.1907813
3.2,5.33,96,5.53,4.64,4.25,103.92,5085.36,14.14,78.2,2044.33,2196.390059,-152.060059
3.2,5.33,96,5.5,4.64,4.27,103.84,5067.2,13.52,78.48,2034.79,2184.301935,-149.5119353
3.2,5.33,96,5.5,4.7,4.31,103.78,5074.6,13.63,77.62,2030.27,2185.790954,-155.5209537
3.2,5.33,98,5.5,4.69,4.28,103.96,5093,14.17,76.4,2031.25,2193.675869,-162.4258685
3.2,5.33,103,5.49,4.67,4.26,103.95,5100.92,14.31,78.37,2035.57,2205.005162,-169.4351618
3.2,5.33,103,5.49,4.69,4.33,103.91,5038.83,14.28,78.09,2025,2180.910118,-155.9101176
3.2,5.33,101,5.5,4.64,4.32,104.04,4963.03,15.54,77.15,2025.88,2164.917006,-139.0370064
3.2,5.33,104,5.49,4.59,4.27,104.32,4989.32,15.09,78.98,2024.27,2172.571481,-148.3014807
3.2,5.33,106,5.49,4.62,4.3,104.3,5031.13,13.94,78.11,2016.25,2170.102098,-153.8520978
3.2,5.33,110,5.48,4.64,4.3,104.3,5031.13,13.94,78.11,2013,2170.348788,-157.3487876
3.2,5.33,112,5.49,4.56,4.24,104.66,5003.14,14.27,76.6,2003.44,2156.242641,-152.8026408
3.2,5.33,107,5.48,4.56,4.27,104.84,4976.44,15.38,77.81,1993.87,2162.560764,-168.6907639
3.2,5.33,98,5.48,4.64,4.31,104.18,4967.94,13.96,77.03,1991.45,2146.126354,-154.6763537
3.2,5.33,93,5.49,4.46,4.17,104.08,5026.83,13.48,76.6,2018.94,2161.813208,-142.8732081
3.2,5.33,96,5.49,4.48,4.17,104.14,5004.17,12.79,76.42,2024.5,2144.11152,-119.6115195
3.2,5.33,96,5.49,4.46,4.15,104.03,4995.16,12.95,74.08,2034.21,2136.560559,-102.3505587
3.2,5.33,96,5.47,4.41,4.09,104.15,4973.05,13.06,73.5,2036.7,2128.242651,-91.54265064
3.2,5.33,97,5.48,4.39,4.09,104.44,4950.16,13.57,72.76,2035.32,2120.745211,-85.42521103
3.2,5.33,96,5.49,4.46,4.17,103.99,4957.19,14.37,72.75,2025.15,2136.343122,-111.1931222
3.2,5.33,91,5.49,4.36,4.03,102.99,4916.06,13.95,73.91,2039.66,2132.213475,-92.55347465
3.2,5.33,81,5.49,4.2,3.87,103.51,4861.11,14.21,75.96,2054.78,2119.721151,-64.9411512
3.1,5.33,75,5.53,4.27,3.99,103.42,4899.19,13.42,77.84,2039.96,2126.720909,-86.76090872
3.1,5.33,92,5.53,4.36,4.06,103.44,4925.89,13.69,77.02,2036.55,2135.375837,-98.82583674
3.1,5.33,92,5.53,4.29,4.08,103.47,4892.95,13.98,78.9,2031.27,2132.160574,-100.8905737
3.1,5.33,100,5.54,4.34,4.15,103.52,4888.91,13.73,77.15,2018.57,2119.937587,-101.3675868
3.1,5.33,101,5.54,4.28,4.14,103.35,4886.66,13.18,75.3,2020.74,2107.613897,-86.87389681
3.1,5.33,96,5.52,4.34,4.18,103.51,4888.56,12.66,74.57,2016.53,2098.300728,-81.77072816
3.1,5.33,97,5.53,4.31,4.14,103.35,4856.8,13.2,74.68,2029.52,2095.89915,-66.37915036
3.1,5.33,92,5.53,4.37,4.11,103.24,4853.42,13.77,73.41,2020.87,2099.967096,-79.09709624
3.1,5.33,94,5.54,4.39,4.15,103.37,4796.28,13.8,74.08,2029.63,2080.069778,-50.43977762
3.1,5.33,87,5.53,4.34,4.14,103.37,4760.1,14.85,72.78,2023.88,2076.294554,-52.41455381
3.1,5.33,88,5.54,4.34,4.1,103.36,4739.13,14.59,72,2009.87,2063.691803,-53.82180254
3.1,5.33,85,5.54,4.22,4.07,102.74,4772.35,14.12,72.63,2028.33,2077.475274,-49.14527447
3.1,5.33,88,5.55,4.18,4,102.3,4791.18,12.66,73.01,2054.39,2072.288722,-17.89872222
3.1,5.33,93,5.55,4.14,3.96,102.3,4791.18,12.66,73.01,2048.99,2072.534067,-23.54406666
3.1,5.33,96,5.54,4.26,3.98,102.3,4792.13,12.64,71.33,2035.1,2067.870619,-32.77061945
3.1,5.33,91,5.53,4.37,4.04,102.48,4759.94,12.86,72.17,2026.83,2060.349721,-33.51972133
3.1,5.33,91,5.53,4.36,4.02,102.22,4741.93,13.2,70.91,2031.14,2056.911422,-25.77142158
3.1,5.33,86,5.54,4.36,4.01,102.44,4703.7,14,73.51,2030.88,2059.746648,-28.86664791
3.1,5.33,84,5.54,4.4,4.05,102.4,4690.57,14.24,72.4,2045.57,2054.468653,-8.89865342
3.1,5.33,86,5.56,4.38,3.99,102.46,4697.42,13.93,73.04,2044.56,2055.000905,-10.44090533
3.1,5.33,87,5.54,4.33,3.91,102.15,4725.07,13.35,70.5,2043.06,2053.940897,-10.88089733
3.1,5.33,83,5.55,4.33,3.95,101.42,4745.2,13.22,71.71,2059.68,2069.702778,-10.02277838
3.1,5.33,65,5.57,4.27,3.9,101.2,4782.88,12.55,71.99,2063.73,2078.537192,-14.80719158
3.4,5.33,59,5.6,4.23,3.88,101.2,4782.88,12.55,71.99,2062.9,2081.932118,-19.03211776
3.4,5.33,81,5.57,4.26,3.84,100.87,4786.44,12.44,73.8,2067.05,2091.838182,-24.78818173
3.4,5.33,88,5.55,4.2,3.79,101.55,4773.45,13.02,75.32,2079.47,2093.391002,-13.92100208
3.4,5.33,96,5.53,4.26,3.89,101.65,4758.86,13.77,73.56,2066.26,2089.503423,-23.24342328
3.4,5.33,95,5.53,4.28,3.9,101.76,4753.92,13.72,73.91,2055.23,2087.210827,-31.98082659
3.4,5.33,90,5.54,4.31,3.9,101.76,4753.92,13.72,73.91,2053,2087.419009,-34.41900915
3.4,5.33,101,5.54,4.33,3.89,102.39,4724.29,13.4,73.81,2052.36,2066.388247,-14.02824735
3.4,5.33,97,5.5,4.34,3.86,102.19,4764.73,12.63,74.06,2032.27,2075.742052,-43.47205222
3.4,5.33,96,5.51,4.41,3.93,102.47,4743.72,12.6,72.48,2040.95,2059.052944,-18.10294382
3.4,5.33,95,5.52,4.43,3.95,102.59,4725.58,12.62,71.68,2027.73,2048.664697,-20.93469682
3.4,5.33,101,5.54,4.44,3.91,102.1,4714.23,12.12,71.61,2019.7,2043.161179,-23.46117939
3.4,5.33,108,5.54,4.37,3.92,102.78,4721.04,11.96,69.85,2035.77,2030.14608,5.623919546
3.4,5.33,106,5.52,4.46,4.04,103.82,4646.2,12.2,68.73,2033.14,1991.734164,41.40583577
3.4,5.33,106,5.53,4.73,4.2,104.03,4618.3,12.69,71.43,1982.59,1993.567994,-10.97799426
3.4,5.33,102,5.55,4.71,4.23,103.98,4593.39,13.05,71.15,1983.01,1987.70281,-4.692810388
3.4,5.33,101,5.54,4.71,4.23,103.64,4576.2,13.14,69.76,2004.55,1981.792547,22.7574527
3.4,5.33,102,5.53,4.58,4.14,104.11,4568.84,13.17,69.28,2028.17,1974.253505,53.91649499
3.4,5.33,103,5.54,4.6,4.12,103.99,4586.23,12.78,72.1,2027.18,1986.241637,40.93836288
3.4,5.33,103,5.54,4.57,4.18,103.56,4557.25,13.26,73.3,2019.01,1988.621337,30.38866331
3.4,5.33,103,5.55,4.64,4.28,103.19,4564.37,13.28,74.58,2034.02,1997.594472,36.42552791
3.4,5.33,107,5.55,4.56,4.22,103.36,4559.43,12.94,75.59,2072.13,1993.606742,78.52325814
3.1,5.33,91,5.56,4.73,4.37,102.83,4554.87,13.07,77.75,2040.15,2000.913791,39.23620876
3.1,5.33,96,5.53,4.64,4.27,102.65,4571.84,12.71,76.56,2044.63,2002.06026,42.56974046
3.1,5.33,97,5.53,4.73,4.34,103.13,4545.55,12.78,75.07,2044.6,1983.399867,61.20013306
3.1,5.33,97,5.54,4.84,4.39,103.42,4554.86,13.14,75.31,2015.51,1988.808388,26.7016124
3.1,5.33,101,5.55,4.92,4.47,103.75,4555.84,13.03,76.79,2002.39,1988.111516,14.2784843
3.1,5.33,100,5.55,4.9,4.45,103.55,4553.04,13.08,76.79,1994.09,1989.955868,4.134132235
3.1,5.33,102,5.54,4.89,4.42,103.55,4553.04,13.08,77.77,1990.42,1993.811661,-3.391661074
3.1,5.33,102,5.52,4.86,4.41,103.47,4538.77,13.45,77.65,1999.4,1994.146626,5.253373905
3.1,5.33,101,5.53,4.89,4.42,103.82,4511.7,14.26,75.65,1981.38,1984.483341,-3.103340836
3.1,5.33,98,5.52,4.88,4.44,104.4,4509.55,14.18,72.97,1980.79,1968.197418,12.59258187
3.1,5.33,99,5.53,4.83,4.45,104.36,4497.08,14.12,76.6,1982.6,1974.382831,8.217169013
3.1,5.33,96,5.52,4.9,4.53,104.38,4505.3,14.21,78.17,1960.42,1982.72641,-22.30640957
3.1,5.33,102,5.52,4.8,4.44,105.65,4458.97,14.83,78.53,1962.57,1963.402587,-0.832587117
3.1,5.33,102,5.53,5.02,4.63,105.8,4406.66,15.16,77.15,1946.52,1940.879529,5.640470864
3.1,5.33,106,5.53,5.04,4.61,105.93,4364.15,15.09,75.59,1937.99,1918.97658,19.01342027
3.1,5.33,105,5.53,5.03,4.62,105.53,4391.41,14.61,75.65,1959.2,1926.570287,32.62971252
3.1,5.33,101,5.52,4.93,4.49,105.54,4384.37,14.91,77.12,1950.9,1934.57315,16.32684955
3.1,5.33,104,5.53,4.91,4.58,105.27,4366.21,15.1,80.93,1968.98,1943.293704,25.68629635
3.1,5.33,101,5.53,4.93,4.67,105.07,4364.27,15.39,81.13,1976.8,1947.345902,29.45409773
3.1,5.33,102,5.53,4.83,4.57,106.2,4334.23,15.7,82.58,1992.62,1935.27724,57.34276
3.1,5.33,99,5.52,4.98,4.67,106.5,4268.26,16.59,80.82,1985.03,1913.895577,71.13442326
3.1,5.33,92,5.56,4.95,4.77,106.67,4201.27,18.02,81.48,1985.14,1905.475232,79.66476827
3.2,5.33,86,5.56,5.07,4.88,106.16,4171.33,19.86,82.59,1983.81,1926.626787,57.1832127
3.2,5.33,97,5.56,5.03,4.88,106.58,4139.39,21.13,85,1995.53,1934.01332,61.51667987
3.2,5.33,94,5.57,4.99,4.84,106.59,4152.93,20.39,83.53,2006.33,1925.080808,81.24919156
3.2,5.33,100,5.57,5.02,4.86,106.58,4175.99,21.78,85.37,1984.46,1956.189226,28.27077386
3.2,5.33,93,5.56,5.08,4.95,106.25,4232.42,19.39,83.69,1983.03,1943.622948,39.40705203
3.2,5.33,83,5.57,5.02,4.83,105.61,4235.79,20.03,86.15,1972.89,1969.013829,3.87617071
3.2,5.33,88,5.57,5.05,4.86,106.16,4210.4,21.83,88,1973.63,1982.421396,-8.79139567
3.2,5.33,87,5.56,5.07,4.93,106.26,4273.85,21.59,90.28,1981.23,2007.492038,-26.26203758
3.2,5.33,90,5.58,5.14,4.98,106.54,4321.36,19.73,88.24,1976.81,1990.928395,-14.11839537
3.2,5.33,89,5.57,5.19,4.91,106.22,4357.35,18.36,87.81,1950.79,1990.505124,-39.71512445
3.2,5.33,93,5.58,5.19,4.83,106.26,4345.23,17.41,87.06,1924.75,1972.76315,-48.0131496
3.2,5.33,96,5.57,5.09,4.71,106.58,4342.37,19.1,87.72,1919.39,1993.308505,-73.91850483
3.2,5.33,99,5.6,5.04,4.63,106.52,4360.49,16.53,83.51,1932.28,1955.066904,-22.7869044
3.2,5.33,103,5.61,5.06,4.7,105.67,4380.94,16.08,83.2,1870.76,1962.46351,-91.70351021
3.2,5.33,94,5.58,4.99,4.58,105.73,4366.59,16.95,85.96,1875.39,1979.381851,-103.9918511
3.2,5.33,95,5.6,4.96,4.66,106.03,4339.75,17.7,86.43,1859.75,1975.433296,-115.683296
3.2,5.33,98,5.6,5,4.7,106.1,4289.02,19.54,85.25,1862.63,1975.131032,-112.5010319
3.2,5.33,100,5.59,5.08,4.78,106.36,4234.79,18.73,82.28,1832.59,1932.917595,-100.3275947
3.2,5.33,102,5.57,5.03,4.72,106.77,4259.31,18.67,84.45,1821.35,1945.08211,-123.73211
3.2,5.33,103,5.56,5.05,4.73,107.06,4233.83,20.72,89.42,1822.74,1974.978711,-152.238711
3.2,5.33,94,5.55,5.15,4.81,107.03,4269.75,17.81,88.67,1823.52,1949.408722,-125.8887221
3.2,5.33,89,5.56,5.12,4.69,106.17,4284.52,17.31,90.82,1825.06,1965.920816,-140.860816
3.7,5.33,86,5.55,5.03,4.59,106.15,4328.18,16.87,91.76,1848.82,1987.126113,-138.3061126
3.7,5.33,104,5.56,5.04,4.59,106.68,4269.65,18.22,93.78,1866.72,1983.627913,-116.9079125
3.7,5.33,99,5.54,5.1,4.61,106.22,4282.63,18.29,90.53,1877.67,1983.777783,-106.107783
3.7,5.33,96,5.54,5.04,4.56,105.94,4312.88,18.03,89.88,1901.64,1992.490708,-90.85070766
3.7,5.33,93,5.54,5.09,4.55,105.57,4310.62,17.25,90.55,1916.29,1988.56781,-72.27781042
3.7,5.33,94,5.52,5.1,4.44,105.38,4341.74,17.31,89.62,1925.42,2001.819999,-76.39999854
3.7,5.33,87,5.52,5.12,4.49,105.44,4374.36,15.49,89.3,1921.41,1988.6955,-67.28549973
3.7,5.33,89,5.53,5.12,4.35,105.11,4452.81,14.18,91.55,1929.45,2013.255153,-83.80515257
3.7,5.33,90,5.53,5.08,4.37,105.08,4445.41,14.11,92.22,1931.44,2011.485616,-80.04561572
3.7,5.33,94,5.53,5.05,4.32,105.3,4445.13,14.4,91.2,1934.14,2010.05729,-75.91729008
3.7,5.33,96,5.51,5.02,4.33,105.38,4497.98,12.7,90.67,1923.78,2005.190428,-81.41042815
3.7,5.33,92,5.52,5,4.29,104.74,4487.78,13.39,88.81,1909.91,2010.837952,-100.927952
3.7,5.33,104,5.53,4.96,4.25,104.58,4462.65,14.42,88.75,1909.33,2015.779989,-106.4499889
3.7,5.33,108,5.52,4.98,4.27,104.56,4473.27,14.02,87.27,1912.97,2009.818403,-96.84840284
3.7,5.33,105,5.52,4.97,4.29,104.94,4480.98,14.17,87.4,1921.68,2010.762445,-89.08244487
3.7,5.33,104,5.52,4.98,4.26,105.06,4451.3,14.22,86.78,1919.14,1998.36677,-79.22676991
3.7,5.33,105,5.52,4.94,4.27,104.86,4434.55,14.81,87.54,1920.21,2003.604047,-83.39404661
3.7,5.33,100,5.52,5.01,4.3,104.75,4490.35,14.27,86.72,1917.14,2015.298386,-98.15838603
3.7,5.33,102,5.51,4.94,4.27,104.13,4510.06,14.15,86.06,1926.64,2024.872481,-98.23248122
3.7,5.33,102,5.51,4.9,4.24,103.62,4530.6,13.56,83.63,1937.69,2022.160145,-84.47014484
3.7,5.33,104,5.51,4.87,4.18,103.62,4530.6,13.56,83.63,1940.13,2022.99481,-82.86481003
3.7,5.33,97,5.52,4.85,4.09,103.1,4517.01,13.98,81.7,1940.08,2023.783271,-83.70327131
3.7,5.33,100,5.55,4.9,4.12,103.44,4500.34,14.53,81.29,1944.3,2019.017091,-74.71709128
3.7,5.33,102,5.54,4.87,4.12,103.92,4432.75,15.08,79.98,1936.25,1992.804574,-56.55457363
3.7,5.33,107,5.56,4.98,4.2,104.19,4426.03,16.24,80.15,1921.2,2001.383552,-80.18355158
3.7,5.33,103,5.56,5.03,4.25,104.1,4389.38,17.21,78.88,1914.89,1996.740287,-81.85028669
3.7,5.33,105,5.55,4.98,4.23,103.36,4455.16,15.57,78.57,1915.81,2006.117736,-90.30773626
3.7,5.33,105,5.54,4.95,4.19,103.58,4396.44,16.64,79.64,1918.05,2000.651332,-82.60133161
3.7,5.33,101,5.54,5.02,4.34,103.33,4415.33,16.96,80.8,1898.59,2015.372774,-116.7827738
3.7,5.33,100,5.55,4.97,4.34,103.43,4380.28,18.03,81.43,1894.76,2016.656467,-121.8964669
3.7,5.33,100,5.53,4.92,4.26,103.4,4344.88,17.8,80.04,1889.52,1998.630531,-109.1105308
3.7,5.33,98,5.55,4.94,4.3,103.48,4416.32,16.96,79.25,1891.45,2009.189009,-117.7390088
3.7,5.33,96,5.52,4.97,4.28,103.21,4433.79,16.54,81.23,1893.43,2020.717332,-127.2873324
3.7,5.33,102,5.53,4.92,4.21,103.15,4478.87,14.95,82.52,1901.64,2022.276535,-120.636535
3.7,5.33,103,5.55,4.96,4.19,102.85,4458.13,15.88,83.09,1907.6,2031.435503,-123.8355032
3.7,5.33,105,5.54,4.89,4.16,102.62,4450.69,15.53,82.83,1913.83,2026.026903,-112.1969032
3.7,5.33,108,5.55,4.82,4.09,102.48,4487.16,15.58,84.25,1912.46,2045.995741,-133.535741
3.7,5.33,111,5.51,4.79,4,102.55,4501.57,15.81,82.88,1916.78,2051.12747,-134.3474699
3.7,5.33,110,5.54,4.74,4.02,102.07,4498.03,16.28,82.53,1925.71,2057.765939,-132.055939
3.7,5.08,106,5.54,4.76,4.09,102.01,4491.58,16.9,82.82,1936.8,2038.1952,-101.3951999
3.7,5.08,112,5.54,4.78,4.05,102.45,4513.96,16.01,81.73,1942.8,2027.953367,-85.15336692
3.7,5.08,105,5.54,4.9,4.2,102.59,4494.27,16.77,79.77,1935.83,2020.982583,-85.15258335
3.7,5.08,105,5.48,4.88,4.08,101.96,4550.93,15.7,82.05,1936.11,2045.018267,-108.9082672
3.7,5.08,108,5.49,4.92,4.05,101.87,4578.83,13.75,81.73,1952.28,2031.161556,-78.88155591
3.2,5.08,103,5.48,4.88,3.97,101.7,4584.82,13.98,80.65,1964.11,2029.56225,-65.45224956
3.2,5.08,106,5.47,4.87,3.96,101.69,4565.75,14.03,79.84,1959.25,2021.106595,-61.85659526
3.2,5.08,105,5.47,4.91,4.01,101.11,4598.26,13.14,78.9,1947.49,2023.624059,-76.13405889
3.2,5.08,98,5.46,4.82,3.86,101.32,4558.96,13.86,79.34,1972.11,2020.661707,-48.55170723
3.2,5.08,89,5.46,4.85,3.91,101.42,4555.19,14.02,78.85,1965.44,2018.36454,-52.92453965
3.2,5.08,101,5.44,4.81,3.86,101.09,4543.39,14.29,77.01,1954.54,2015.388707,-60.84870721
3.2,5.08,110,5.43,4.82,3.84,100.78,4550.16,13.87,75.7,1961.85,2011.701512,-49.85151196
3.2,5.07,111,5.44,4.8,3.85,100.28,4554.38,13.96,75.35,1972.22,2016.405289,-44.18528914
3.2,5.08,106,5.37,4.74,3.75,99.98,4563.87,13.32,75.84,1977.79,2020.707649,-42.9176495
3.2,5.08,106,5.37,4.74,3.8,99.89,4521.78,13.61,74.18,1977.58,2003.871778,-26.2917778
3.2,5.08,112,5.37,4.74,3.81,99.96,4508.86,13.78,75.02,1955.5,2003.021167,-47.52116686
3.2,5.08,115,5.37,4.74,3.83,99.75,4514.61,13.72,77.16,1955.73,2012.848146,-57.11814632
3.2,5.08,122,5.37,4.59,3.76,100.52,4491.5,13.44,75.85,1960.02,1989.214722,-29.19472218
3.2,5.07,116,5.36,4.72,3.86,101.59,4467.69,14.82,74.83,1957.8,1982.6592,-24.85919967
3.2,5.07,121,5.35,4.88,3.99,101.94,4415.55,15.02,73.19,1933.34,1956.726011,-23.38601106
3.2,5.07,125,5.34,4.85,4.01,102.29,4394.23,16.08,73.86,1924.91,1960.495738,-35.58573791
3.2,5.07,127,5.32,4.94,4.06,103.08,4404.54,15.97,71.89,1925.89,1948.807675,-22.91767503
3.2,5.07,119,5.32,4.99,4.05,103.35,4422.62,14.85,71.8,1911.76,1939.341852,-27.5818519
3.2,5.07,123,5.28,4.94,3.95,103.08,4442.04,14.19,70.15,1916.85,1937.633108,-20.7831079
3.2,5.07,123,5.28,4.94,3.9,102.92,4450.48,13.85,70.45,1926.39,1939.929591,-13.53959059
3.2,5.07,124,5.27,4.94,3.86,102.92,4450.48,13.85,70.45,1921.31,1940.904045,-19.59404541
3,5.08,97,5.24,4.87,3.81,103.35,4422.44,13.51,69.82,1919.54,1921.135799,-1.595798671
3,5.07,135,5.25,4.87,3.85,102.96,4374.94,13.64,69.25,1908.92,1904.327801,4.592198936
3,5.08,140,5.17,4.71,3.71,102.51,4367.48,13.9,68.01,1909.84,1909.373617,0.466382812
3,5.08,132,5.17,4.74,3.77,102.74,4337.36,14.11,69.49,1915.59,1903.27721,12.31278982
3,5.08,138,5.17,4.65,3.72,102.83,4344.84,14.43,69.84,1922.56,1910.136042,12.4239582
3,5.08,135,5.17,4.71,3.74,102.38,4354.17,13.24,69.53,1921.11,1902.33277,18.77723032
3,5.08,132,5.18,4.77,3.8,102.03,4355.4,13.88,72.43,1914.58,1922.794461,-8.214461496
3,5.08,130,5.16,4.68,3.72,102.5,4380.01,13.88,70.9,1933.92,1923.286903,10.63309673
3,5.08,134,5.17,4.68,3.74,102.48,4396.11,14.36,71.45,1937.34,1936.14236,1.197639624
3,5.08,132,5.17,4.69,3.76,102.12,4440.95,14.49,70.55,1952.5,1954.007611,-1.507610545
3,5.08,129,5.18,4.7,3.77,102.12,4440.95,14.49,70.55,1957.84,1953.776764,4.063236142
3,5.08,128,5.18,4.62,3.72,102.96,4365.33,14.09,68.7,1958.41,1908.106271,50.30372879
3,5.08,128,5.18,4.74,3.83,103.32,4366.29,14.48,69.35,1945.31,1910.737865,34.57213462
3,5.08,131,5.19,4.67,3.84,103.58,4352.61,14.99,67.31,1943.99,1901.868725,42.12127511
3,5.08,134,5.24,4.55,3.73,103.55,4308.32,14.44,70.27,1960.03,1889.134518,70.89548221
3,5.08,133,5.25,4.59,3.75,103.3,4304.88,13.78,70.94,1960.75,1884.122397,76.62760302
3,5.08,136,5.25,4.52,3.73,104.07,4268.69,14.14,72.47,1965.48,1872.895597,92.5844027
3,5.08,137,5.07,4.56,3.79,104.12,4285.47,14.14,71.56,1944.53,1878.811848,65.71815212
3,5.08,144,5.15,4.51,3.7,104.01,4271.34,14.91,71.99,1963.36,1884.957175,78.40282484
3,5.08,136,5.25,4.46,3.69,104.04,4282.99,15.28,75.03,1961.37,1901.001349,60.36865051
3,5.08,141,5.28,4.5,3.69,103.56,4241.01,15.65,70.21,1948.2,1879.087286,69.11271447
3,5.08,131,5.3,4.33,3.61,104.15,4183.03,17.24,67.6,1976.98,1863.983938,112.996062
4,5.08,118,5.28,4.4,3.64,104.05,4190.74,18.04,69.62,1966.47,1897.909971,68.56002904
4,5.08,127,5.31,4.46,3.69,104.3,4226.71,17.56,73.23,1958.75,1912.509824,46.24017598
4,5.08,131,5.73,4.5,3.75,104.23,4156.16,19.07,71.89,1941.7,1891.491428,50.20857188
4,5.08,136,6.02,4.54,3.8,104.23,4156.16,19.07,71.89,1946.67,1883.734658,62.93534185
4,5.08,131,5.95,4.5,3.83,103.86,4155.71,19.54,74.21,1940.54,1901.538864,39.00113628
4,5.08,126,5.73,4.31,3.73,103.54,4132.96,18.8,73.77,1960.01,1891.817521,68.19247917
4,5.08,126,5.67,4.26,3.7,103.27,4176.8,17.35,72.1,1975.17,1888.199303,86.97069737
4,5.08,124,5.69,4.29,3.72,103.19,4190.78,17.45,71.7,1969.74,1893.333925,76.40607537
4,5.08,132,5.62,4.28,3.7,103.51,4204.15,16.13,71.94,1977.87,1881.043813,96.82618695
4,4.83,127,5.59,4.24,3.65,102.91,4157.68,16.92,72.75,1958.46,1858.954158,99.50584189
4,4.83,130,5.5,4.12,3.57,102.61,4122.85,17.96,70.6,1982.76,1857.985041,124.7749591
4,4.83,124,5.58,4.06,3.54,102.43,4127.95,17.54,71.32,1989.66,1857.114881,132.5451192
4,4.83,126,5.64,3.99,3.5,102.71,4126.65,17.44,70.04,2014.49,1847.182278,167.3077216
4,4.83,124,5.79,3.98,3.46,102.1,4138.54,16.83,71.42,2011.05,1851.508157,159.5418425
4,4.83,117,5.81,3.89,3.39,101.41,4132.24,16.8,72.77,2016.33,1860.468411,155.8615893
4,4.83,120,5.5,3.9,3.43,101.62,4143.74,17.58,73.58,2031.49,1881.378259,150.1117413
4,4.83,112,5.56,4.01,3.53,101.4,4124.25,17.29,72.84,2036.38,1868.476616,167.9033841
4,4.83,111,5.51,4,3.52,101.28,4136.98,17.73,71.35,2021.35,1876.092393,145.2576067
4,4.83,112,5.59,3.92,3.44,101.34,4084.73,19.5,68.7,2016.87,1869.184481,147.6855195
4,4.83,114,5.76,3.75,3.37,101.2,4082.55,19.17,68.16,2049.98,1859.741921,190.2380793
4,4.83,115,4.7,3.89,3.38,101.86,4122.25,17.82,71.56,2052.04,1887.971146,164.0688543
4,4.83,118,4.56,3.97,3.44,102.15,4164.1,16.27,75.76,2016,1897.210545,118.7894554
4,4.83,117,4.49,4.14,3.59,101.67,4166.79,16.41,76.66,1981.31,1907.745834,73.56416581
4.9,4.83,113,4.35,4.04,3.44,101.47,4129.63,17.21,74.91,1989.78,1917.754824,72.02517592
4.9,4.83,119,4.27,4.07,3.53,101.4,4075.29,18.43,74.38,1987.09,1912.727122,74.36287804
4.9,4.83,115,3.91,3.9,3.43,101.82,4087.78,18.66,77.08,1991.69,1933.980084,57.70991645
4.9,4.83,112,4.11,3.86,3.4,101.26,4126.43,17.62,78.74,2000.22,1941.296563,58.92343682
4.9,4.83,110,3.54,4.12,3.52,101.72,4132.07,18.22,77.97,1995.51,1957.228934,38.28106564
4.9,4.83,114,3.36,4.17,3.57,101.8,4132.14,17.51,77.13,1983.2,1948.525218,34.67478186
4.9,4.83,115,3.4,4.14,3.54,101.99,4130.48,16.85,78.87,2005.13,1942.92279,62.20721011
4.9,4.83,109,3.95,4.24,3.6,101.71,4139.33,17.3,80.92,1993.71,1947.836329,45.87367085
4.9,4.83,112,3.89,4.19,3.58,102.1,4164.26,16.94,81,2005.62,1949.948264,55.67173613
4.9,4.83,106,4.09,4.18,3.6,101.58,4137.17,17.58,82.48,1993.99,1953.17763,40.81236977
4.9,4.83,113,4.29,4.08,3.52,101,4140.11,17.94,82.4,2004.4,1959.759716,44.64028432
4.9,4.83,109,4.08,3.96,3.45,101.47,4100.04,18.83,83.22,2039.97,1960.180439,79.78956073
4.9,4.83,114,4.27,3.95,3.41,102.13,4121.72,19.38,81.44,2018.21,1958.367947,59.84205341
4.9,4.83,108,4.27,4.03,3.43,102.52,4110.29,19.08,79.88,2004.76,1942.209967,62.55003257
4.9,4.83,106,4.53,4,3.41,102.1,4085.2,19.39,80.5,1992.51,1937.297248,55.21275153
4.9,4.83,100,4.56,3.97,3.39,101.83,4081.15,19.3,80.37,2007.67,1936.624591,71.0454092
4.9,4.58,98,4.57,3.82,3.3,101.83,4081.15,19.3,80.37,2007.79,1911.502956,96.28704354
4.9,4.58,102,4.62,3.79,3.3,101.52,4094.5,19.42,81.01,2020.38,1921.241776,99.13822436
4.9,4.58,103,4.66,3.84,3.35,102.01,4128.03,18.79,80.44,2021.76,1917.126493,104.6335067
4.9,4.58,105,4.7,3.97,3.43,102.59,4102.2,19.79,80.1,1984.93,1912.060267,72.86973295
5,4.58,86,4.74,4.06,3.48,102.2,4056.18,19.21,74.37,1969.46,1874.532702,94.92729763
5,4.58,95,4.74,4.1,3.55,102.62,4046.74,19.12,72.98,1978.54,1860.04663,118.4933701
5,4.58,97,4.34,4.08,3.57,102.49,3999.53,19.39,73.61,1963.3,1858.896038,104.4039616
5,4.58,98,4.24,4.02,3.55,102.75,3974.13,20.53,72.86,1971.99,1861.249876,110.7401236
5,4.57,92,4.22,3.94,3.53,103.12,3982.93,22.05,69.42,1958.17,1867.760529,90.40947057
5,4.57,92,4.28,3.76,3.38,102.6,3939.21,22.11,69.51,1978.75,1858.366273,120.3837269
5,4.57,92,4.26,3.76,3.38,102.5,3959.21,21.54,69.95,1991.41,1861.291486,130.1185136
5,4.57,100,4.16,3.96,3.48,103.2,4002.04,21.8,69.48,1969.69,1873.104266,96.58573398
5,4.57,92,4.07,4.17,3.59,103.31,3975.89,24.16,67.62,1942.95,1887.98123,54.96876988
5,4.57,92,4.34,3.92,3.47,103.86,3917.47,27.77,66.62,1976.63,1897.12135,79.50865032
5,4.57,85,4.31,3.81,3.39,104.41,3958.69,22.92,68.26,1988.11,1853.29255,134.8174498
5,4.58,83,4.22,4.14,3.56,104.62,3878.93,26.19,68.22,1921.45,1866.005574,55.44442625
5,4.57,89,4.23,3.93,3.51,103.74,3876.74,23.21,71.56,1921.19,1845.577563,75.61243652
5,4.57,79,4.47,4.2,3.64,103.67,3894.01,26.85,74.7,1903.15,1902.081766,1.068233784
5,4.58,41,4.62,4.03,3.55,104.39,3835.12,24.05,76.6,1912.27,1844.970104,67.29989555
5,4.58,81,4.81,4.6,3.7,105.13,3912.77,23.34,75.65,1867.3,1849.077706,18.22229404
5,4.58,115,4.83,4.9,3.93,105.62,3998.66,19.33,76.5,1831.52,1824.075203,7.444797081
5,4.58,107,4.77,5.05,3.98,105.67,3987.55,19.71,77.32,1815.28,1829.052772,-13.77277219
5,4.58,118,4.8,5,3.97,104.3,4048.26,18.64,80.5,1813.97,1859.737075,-45.76707481
5,4.58,114,4.75,4.89,3.98,104.53,4055.15,19.05,79.92,1846.4,1863.356226,-16.95622582
5,4.58,114,4.75,4.86,3.97,104.94,3998.02,19.76,77.89,1855.37,1841.202221,14.16777913
5,4.58,108,4.75,4.89,4.08,104.39,3938.68,21.41,77.74,1837.83,1843.838988,-6.00898753
5,4.58,117,4.67,4.89,4.01,105.04,3963.34,20.39,76.85,1836.66,1833.60022,3.05978015
6,4.58,103,4.65,4.81,3.92,104.63,3977.19,21.3,75.76,1825.68,1865.069242,-39.38924161
6,4.57,108,4.67,4.78,3.92,105.26,3992.36,21.99,76.42,1817.25,1873.035446,-55.78544643
6,4.58,109,4.68,4.78,3.95,104.56,3973.24,21.35,75.6,1811.06,1862.66681,-51.6068104
6,4.58,106,4.66,4.66,3.88,104.5,4018.6,21.96,73.92,1823.37,1882.359495,-58.98949466
6,4.58,109,4.62,4.66,3.93,104.13,4001.83,23.03,76.11,1825.18,1900.294063,-75.11406279
6,4.58,100,4.63,4.67,3.95,103.91,4052.35,21.8,76.53,1835.66,1906.312102,-70.65210154
6,4.58,104,4.63,4.63,3.87,104.2,4077.39,20.94,78.07,1841.82,1907.790026,-65.97002629
6,4.33,107,4.64,4.6,3.82,104.2,4077.39,20.94,78.07,1842.64,1882.692229,-40.0522289
6,4.33,105,4.66,4.62,3.86,103.88,4114.75,18.26,78.54,1834.39,1866.416346,-32.02634559
6,4.33,111,4.64,4.62,3.81,103.21,4119.5,19.37,78.83,1836.61,1890.552751,-53.94275081
6,4.33,105,4.63,4.6,3.77,103.22,4126.7,20.72,79.06,1855.04,1911.555218,-56.51521831
6,4.33,107,4.66,4.52,3.72,103.58,4096.62,21.66,79.94,1854.45,1911.387094,-56.93709429
6,4.33,112,4.66,4.5,3.74,103.26,4068.92,20.74,77.68,1865.51,1885.183518,-19.67351806
6,4.33,111,4.66,4.48,3.67,103.43,4144.25,19.24,78.45,1862.37,1895.397853,-33.0278534
6,4.33,106,4.64,4.45,3.63,103.27,4153.47,18.88,77.49,1875.12,1893.843892,-18.72389184
6,4.33,103,4.62,4.47,3.67,103.54,4105.35,19.54,74.57,1873.07,1872.772913,0.297086631
6,4.33,99,4.61,4.44,3.63,103.01,4119.57,19.23,73.23,1868.56,1875.71254,-7.152539952
6,4.33,104,4.61,4.3,3.53,101.83,4136.69,18.57,75.92,1865.94,1894.512042,-28.57204215
6,4.33,99,4.62,4.09,3.4,100.85,4158.68,17.74,76.79,1914.93,1905.194458,9.735542034
6,4.33,106,4.59,4.09,3.39,102.1,4070.07,19.62,79.06,1953.14,1892.865392,60.27460849
6.4,4.33,98,4.58,4.21,3.52,102.19,4020.85,20.12,77.91,1927.43,1881.09701,46.33298963
6.4,4.33,109,4.6,4.25,3.55,101.92,4049.27,19.76,80.04,1922.21,1895.145807,27.06419288
6.4,4.33,120,4.61,4.19,3.52,101.72,4053.72,18.9,81.22,1927.97,1891.293694,36.676306
6.4,4.33,113,4.61,4.17,3.49,101.58,4036.08,19.05,80.48,1930.45,1886.544574,43.90542632
6.4,4.33,111,4.67,4.11,3.46,102.01,3982.71,19.56,80.26,1948.44,1867.743285,80.69671484
6.4,4.33,104,4.7,4.12,3.46,101.99,4001.74,19.89,81.62,1937.09,1882.851752,54.23824765
6.4,4.33,96,4.69,4.21,3.52,101.99,3978.14,20.21,81.79,1931.37,1879.141419,52.22858114
6.4,4.33,99,4.69,4.14,3.48,102.08,3909.04,20.28,80.6,1926.08,1850.823786,75.25621351
6.4,4.33,100,4.69,4.09,3.39,102.38,3911.84,20.43,79.14,1932.06,1847.263445,84.7965549
6.4,4.33,106,4.59,4.06,3.37,102.47,4002.25,19.28,80.97,1906.99,1872.456066,34.53393409
6.4,4.33,94,4.6,4.18,3.53,102.32,3999.28,19.89,80.1,1908.81,1875.714948,33.09505154
6.4,4.33,100,4.59,4.2,3.51,102.21,3960.6,19,78.32,1918.01,1846.80858,71.20141988
6.4,4.33,110,4.58,4.22,3.49,102.21,3960.6,19,78.32,1920.39,1847.205702,73.18429819
6.4,4.33,107,4.57,4.12,3.43,103.06,3977.57,21.56,77.7,1898.12,1875.262698,22.85730215
6.4,4.33,110,4.42,4.2,3.54,103.22,3932.35,20.8,74.78,1877.05,1840.724643,36.32535685
6.4,4.33,109,4.41,4.24,3.61,103.29,3888.57,22.22,74.86,1877.28,1841.61352,35.66647974
6.4,4.33,106,4.37,4.19,3.53,103.91,3910.82,21.75,73.47,1870.48,1835.289302,35.19069799
6.4,4.33,114,4.32,4.24,3.55,105.05,3823.37,22.69,73.97,1866.13,1807.307177,58.8228232
6.4,4.33,107,4.3,4.45,3.71,104.07,3839.74,22.2,73.25,1832.8,1813.681268,19.11873168
6.4,3.83,108,4.2,4.36,3.69,104.58,3840.36,22.93,77.25,1855,1782.066736,72.933264
6.4,3.83,105,4.17,4.4,3.79,103.66,3853.29,23.09,80.57,1836.63,1807.694943,28.93505731
6.4,3.83,95,4.15,4.4,3.84,103.95,3829.06,21.83,78.73,1829.31,1774.56939,54.74061048
6.5,3.83,67,4.12,4.41,3.88,103.95,3829.06,21.83,78.73,1823.86,1776.973069,46.88693105
6.5,3.83,94,4.04,4.34,3.83,104.37,3805.45,22.25,78.82,1815,1771.216678,43.78332236
6.5,3.83,99,3.86,4.31,3.88,104.33,3829.56,21.47,79.89,1805.86,1776.870979,28.98902137
6.5,3.83,109,3.87,4.32,3.84,104.12,3843.34,21.67,79.9,1812.46,1786.543567,25.916433
6.5,3.83,108,3.85,4.31,3.8,104.39,3815.11,22.17,78.18,1801.94,1775.680767,26.25923306
6.5,3.83,107,3.8,4.31,3.75,104.39,3815.11,22.17,78.18,1798.58,1777.882909,20.69709124
6.5,3.83,99,3.8,4.24,3.67,104.22,3853.26,20.08,78.43,1793.3,1769.298325,24.00167482
6.5,3.83,98,3.9,4.21,3.68,103.95,3839.49,21.25,75.99,1814.94,1770.790532,44.14946824
6.5,3.83,99,3.89,4.25,3.69,104.73,3810.47,23.17,75.7,1817.28,1776.031035,41.24896531
6.5,3.83,91,3.95,4.25,3.57,104.84,3853.79,22.63,74.5,1787.33,1780.920971,6.409028647
6.5,3.83,99,3.94,4.17,3.48,104.45,3890.91,23.26,76.37,1793.13,1812.79917,-19.66916972
6.5,3.83,104,3.95,4.23,3.44,103.67,3958.37,21.52,77.37,1776.57,1826.905554,-50.33555371
6.5,3.83,101,3.91,4.23,3.49,104.07,4015.54,22.83,75.27,1807.69,1852.727462,-45.03746219
6.5,3.83,100,3.89,4.22,3.51,104.99,4069.38,25.24,73.29,1809.72,1886.231874,-76.51187381
6.5,3.83,97,3.86,4.39,3.61,104.93,3939.29,24.4,71.79,1782.11,1825.717605,-43.60760458
6.5,3.83,102,3.81,4.33,3.57,104.86,3954.17,22.55,71.85,1797.35,1810.243809,-12.89380893
6.5,3.83,99,3.75,4.31,3.48,105.2,3947.79,22.81,72.38,1789.33,1812.732495,-23.40249506
6.5,3.83,103,3.79,4.26,3.42,105.63,3933.28,22.32,74.55,1787.13,1804.030811,-16.90081147
6.5,3.83,110,3.87,4.34,3.51,105.16,3996.63,20.69,77.35,1771.06,1816.77865,-45.7186495
6.5,3.83,107,3.93,4.41,3.6,104.51,4052.02,20.3,79.99,1769.28,1844.084132,-74.8041324
6.5,3.83,108,3.91,4.28,3.51,104.82,4040.17,20.42,81.47,1798.03,1844.267318,-46.23731774
6.5,3.83,99,4.04,4.25,3.53,105.7,4087.14,20.83,80.4,1802.34,1850.50769,-48.16768953
7.1,3.83,92,4.07,4.38,3.68,106.72,3957.18,21.7,79,1773.48,1806.028849,-32.548849
7.1,3.83,95,4.08,4.48,3.75,106.57,3964.19,22.09,76.54,1748.84,1805.899151,-57.05915072
7.1,3.83,97,4.11,4.46,3.69,106.06,4005.36,22.09,75.93,1741.31,1823.69517,-82.38516985
7.1,3.08,105,4.16,4.42,3.68,105.96,4023.34,20.61,77.51,1754.6,1739.85194,14.74806032
7.1,3.08,105,4.14,4.44,3.7,107.08,4000.3,21.49,81.08,1755.53,1743.524415,12.00558462
7.1,3.08,108,4.12,4.46,3.71,107.08,4000.3,21.49,81.08,1752.24,1743.855516,8.384484039
7.1,3.08,99,3.97,4.47,3.76,107.7,3965.51,22.59,80.22,1741.21,1739.317603,1.892396962
7.1,3.08,94,3.97,4.48,3.83,106.97,3956.23,24.05,80.3,1738.57,1760.429767,-21.85976722
7.1,3.08,102,3.93,4.51,3.82,106.69,3966.39,24.03,82.09,1751.04,1773.445912,-22.40591222
7.1,3.08,99,3.93,4.43,3.77,106.27,3919.26,24.05,85.22,1759.93,1771.732011,-11.80201075
7.1,3.08,98,3.81,4.35,3.67,106.58,3976.82,24.29,86.89,1773.94,1801.701619,-27.76161923
7.1,3.08,97,3.77,4.37,3.8,107,4006.41,23.77,85.25,1780.82,1794.933719,-14.11371895
7.1,3.08,99,3.72,4.4,3.88,106.48,3977.97,23.99,89.02,1769.57,1804.777937,-35.20793651
7.1,3.08,98,3.72,4.36,3.86,108.24,3963.72,23.89,86.27,1770.78,1772.389068,-1.609067808
7.1,3.08,97,3.71,4.34,3.82,110.3,3859.89,26.51,85.85,1752.3,1747.376547,4.923452615
7.1,3.08,100,3.65,4.61,4.12,109.65,3810.94,25.34,88.57,1706.56,1728.516964,-21.95696351
7.1,3.08,101,3.66,4.67,4.14,110.06,3817.02,24.71,91.87,1711.6,1729.462024,-17.86202375
7.1,3.08,99,3.78,4.72,4.22,110.79,3780.71,25.67,91,1674.6,1714.572404,-39.97240372
7.1,3.08,105,3.73,4.66,4.17,112.97,3766.98,25.63,87.9,1681.3,1679.191125,2.108874806
7.1,3.08,97,3.75,4.71,4.14,112.17,3733.25,25.98,89.35,1629.77,1684.96152,-55.19152021
7.1,3.08,103,3.7,4.61,4.1,111.54,3852.9,26.04,88.62,1633.88,1732.803146,-98.92314608
7.1,3.08,108,3.72,4.54,4.07,111.52,3901.79,25.96,86.43,1646.87,1741.518772,-94.64877167
7.7,3.08,82,3.73,4.51,4.1,110.67,3881.85,26.91,88.39,1632.51,1768.518504,-136.0085042
7.7,3.08,107,3.75,4.41,4.02,110.5,3808.26,27.43,88.67,1644.7,1750.699519,-105.9995185
7.7,3.08,103,3.76,4.3,3.96,109.62,3834.69,27.51,88.26,1661.89,1768.500518,-106.610518
7.7,3.08,99,3.54,4.39,4.04,110.96,3825.97,28.44,85.07,1667.29,1758.008352,-90.71835181
7.7,3.08,103,3.56,4.42,4.1,111.82,3799.44,29.8,84.88,1652.82,1754.855668,-102.0356676
7.7,3.08,99,3.57,4.5,4.25,111.88,3762.01,30.65,85.24,1651.8,1750.373663,-98.57366316
7.7,3.08,99,3.55,4.49,4.21,112.94,3657.1,30.21,85.07,1657.6,1697.979525,-40.37952526
7.7,3.08,92,3.58,4.62,4.24,112.99,3689.05,31.3,85.94,1627.04,1725.208079,-98.16807928
7.7,3.08,104,3.31,4.55,4.14,111.92,3703.11,30.94,83.69,1627.28,1736.190595,-108.9105953
7.7,3.08,103,3.25,4.43,4.01,112.07,3746.26,31.1,85.7,1652.42,1761.553506,-109.1335058
7.7,2.33,103,3.3,4.45,4.02,113.22,3638.65,32.27,85.59,1650.67,1648.676414,1.993586111
7.7,2.33,110,3.3,4.48,4,112.47,3690.41,31.89,89.27,1644.16,1682.027489,-37.86748853
7.7,2.33,106,3.35,4.47,3.97,113.24,3520.37,33.6,87.08,1663.59,1627.700554,35.88944587
7.7,2.33,110,3.07,4.28,3.91,113.31,3590.83,33.54,88.67,1674.5,1662.549048,11.95095167
7.7,2.33,104,3.07,4.3,3.93,113.08,3595.86,33.56,91.14,1663.98,1674.905598,-10.92559842
7.7,2.33,108,3.04,4.3,3.91,112.75,3647.51,32.93,93.48,1670.29,1697.226305,-26.93630531
7.7,2.33,113,3.03,4.3,3.89,112.25,3706.74,30.37,88.93,1694.7,1677.005824,17.69417578
7.7,2.33,109,3.05,4.23,3.83,111.02,3771.97,28.6,88.08,1711.8,1687.741665,24.05833502
7.7,2.33,104,2.89,4.15,3.76,110.23,3753.25,29.36,86.37,1718.41,1697.373049,21.03695116
7.7,2.33,107,2.91,4.1,3.62,111.59,3726.46,29.52,83.22,1725.65,1667.97336,57.67663972
7.7,2.33,115,2.87,4.12,3.67,112.17,3609.78,33,81.02,1700.96,1656.673111,44.2868888
8.2,2.33,90,2.79,4.22,3.83,111.75,3633.48,31.61,81.74,1660.6,1661.31761,-0.717609917
8.2,2.33,103,2.78,4.16,3.76,113.01,3687.01,31.67,81.9,1664.4,1669.813215,-5.413214513
8.2,2.33,110,2.63,4.07,3.72,114.19,3651.94,34.5,78.08,1656.48,1671.735853,-15.25585257
8.2,2.33,111,2.71,4.3,3.97,114.02,3686.44,31.2,76.47,1628.84,1634.639347,-5.799346814
8.2,2.33,111,2.73,4.27,3.88,113.02,3682.72,31.74,79.23,1627.95,1659.813931,-31.86393066
8.2,2.33,109,2.67,4.2,3.69,111.24,3727.14,27.68,83.54,1643.9,1661.392512,-17.49251187
8.2,2.33,99,2.73,4.11,3.7,111.48,3782.36,28.16,83.07,1672.8,1681.049865,-8.249865312
8.2,2.33,99,2.59,4.02,3.51,110.16,3871.4,28.03,84.25,1667.23,1734.047874,-66.81787406
8.2,2.33,91,2.57,3.96,3.57,109.58,3875.23,25.65,85.61,1666.47,1715.187451,-48.71745107
8.2,2.33,93,2.62,3.95,3.49,109.64,3849.91,27.69,85.21,1675.89,1729.768473,-53.87847343
8.2,2.33,96,2.68,3.85,3.45,109.8,3880.95,27.47,85.16,1675.23,1734.713723,-59.48372324
8.2,2.33,96,2.76,3.87,3.45,109.61,3932.41,26.1,88.91,1662.54,1748.348197,-85.80819666
8.2,2.33,95,2.54,3.78,3.41,109.93,3940.73,26.73,87.94,1697.65,1758.119092,-60.46909183
8.2,2.33,94,2.55,3.75,3.42,108.23,4037.12,23.67,88.09,1702.16,1770.888883,-68.7288834
8.2,2.33,93,2.62,3.58,3.37,108.6,4083.67,23.58,86.25,1725.42,1774.577946,-49.15794603
8.2,2.33,101,2.57,3.56,3.33,109.54,4022.94,23.49,82.8,1717.32,1732.966528,-15.64652798
8.2,2.33,94,2.57,3.48,3.29,109.67,3959.94,24.7,81.91,1710.74,1721.823808,-11.08380769
8.2,2.33,97,2.3,3.45,3.27,110.32,3909.43,26.93,86.93,1716.64,1748.009547,-31.36954701
8.2,2.33,94,2.44,3.5,3.33,109.6,3930.89,25.46,86.84,1703.5,1740.199643,-36.69964256
8.2,2.33,97,2.47,3.45,3.27,109.64,3994.66,25.51,86.56,1714.02,1762.032813,-48.01281296
8.2,2.33,100,2.49,3.4,3.2,109.64,3994.66,25.51,86.56,1712.5,1762.378235,-49.87823464
8.2,2.33,100,2.53,3.51,3.26,108.84,3936.73,26.88,88.83,1697.5,1772.832896,-75.33289638
8.3,2.33,86,2.4,3.45,3.15,108.75,4000.67,25.86,92.31,1708.84,1801.671345,-92.83134519
8.3,2.33,90,2.43,3.46,3.11,108.7,4041.25,25.75,96.9,1723.41,1830.145757,-106.7357566
8.3,2.33,89,2.45,3.42,3.12,108.84,4034.58,26.86,92.96,1739.73,1826.332415,-86.60241512
8.3,2.33,98,2.39,3.37,3.04,108.47,4198.74,22.07,93.06,1738.1,1831.387058,-93.28705751
8.3,2.32,96,2.42,3.35,3.03,108.63,4153.26,22.41,95.35,1756.69,1823.752576,-67.06257624
8.3,2.33,94,2.29,3.36,3.11,108.52,4126.55,24.37,93.78,1751.07,1837.234219,-86.1642188
8.3,1.58,91,2.28,3.29,3.05,109,4133.09,24.13,90.55,1746.16,1745.902919,0.25708131
8.3,1.58,91,2.27,3.32,3.03,108.1,4195.08,22.41,89.65,1735.32,1753.330422,-18.01042239
8.3,1.58,94,2.23,3.25,2.98,107.5,4266.31,20.16,90.39,1747,1760.236597,-13.2365968
8.3,1.58,91,2.23,3.22,2.88,106.68,4273.13,20.51,87.39,1758.54,1767.029049,-8.489048634
8.3,1.58,92,2.22,3.28,2.89,106.45,4280.4,19.74,87.1,1765.04,1761.881937,3.158062666
8.3,1.58,94,2.26,3.25,2.82,106.48,4290.46,20.23,87.93,1775.56,1774.002623,1.557377395
8.3,1.58,97,2.27,3.2,2.79,105.67,4269.37,20.74,91.94,1778.57,1793.658917,-15.08891667
8.3,1.58,97,2.23,3.25,2.84,105.16,4225.02,20.34,94.09,1801.89,1785.391797,16.49820299
8.3,1.58,94,2.24,3.23,2.87,105.21,4227.4,19.84,91.55,1789.19,1770.400728,18.78927184
8.3,1.58,93,2.24,3.23,2.78,106.34,4181.02,22.28,90.51,1791.78,1771.498956,20.28104367
8.3,1.58,90,2.23,3.28,2.8,106.34,4133.11,21.41,90.69,1794.16,1744.717117,49.44288292
8.3,1.58,89,2.23,3.21,2.77,106.58,4155.93,21.74,88.46,1789.26,1747.306682,41.95331773
8.3,1.58,91,2.21,3.24,2.83,105.72,4115.87,21.5,88.06,1774.97,1736.728557,38.24144304
8.3,1.58,91,2.19,3.03,2.68,106.48,4154.85,22.06,90.95,1793.47,1761.113584,32.35641558
8.3,1.58,92,2.2,3.1,2.73,106.43,4107.96,23.86,93.83,1763.71,1775.995199,-12.28519852
8.3,1.58,95,2.22,3.06,2.75,105.36,4104.21,24.08,93.75,1756.78,1786.281901,-29.50190088
8.3,1.58,93,2.22,2.9,2.6,105.83,4112.38,22.41,98.46,1772.11,1780.931758,-8.821757575
8.5,1.58,86,2.22,2.89,2.67,106.21,4087.33,22.13,97.3,1766.16,1762.464599,3.695401307
8.5,1.58,90,2.2,2.85,2.68,106.37,4026.13,23.33,98.17,1755.05,1756.691222,-1.641222103
8.5,1.58,98,2.14,2.96,2.78,107.13,3951.43,24.27,95.6,1738.87,1726.116126,12.75387392
8.5,1.58,97,2.17,3.02,2.81,106.45,3953.22,23.95,96.33,1718.02,1731.065148,-13.04514807
8.5,1.58,94,2.14,3,2.81,106.55,3965.72,24.33,95.1,1719.06,1735.877176,-16.8171762
8.5,1.58,96,2.15,2.98,2.77,106.59,3998.43,23.3,96.51,1727.45,1739.222754,-11.77275437
8.5,1.58,96,2.15,3.1,2.91,107.09,3955.47,24.07,99.91,1718.55,1738.01103,-19.4610301
8.5,1.58,95,1.92,3.25,3.04,106.67,3935.32,24.23,103.6,1695.5,1753.254625,-57.75462524
8.5,1.58,90,1.93,3.23,3.01,107.49,3860.73,25.12,102,1710.01,1724.960508,-14.95050812
8.5,1.58,97,1.96,3.15,2.96,107.98,3883.79,24.83,97.27,1708.26,1708.628328,-0.368328167
8.5,1.58,97,1.98,3.13,2.93,108.67,3818,26.72,96.39,1707.27,1699.018321,8.251679059
8.5,0.83,91,1.99,3.15,2.96,108.2,3763.99,27.47,96.57,1711.78,1617.544617,94.23538271
8.5,0.83,96,1.78,3.13,2.91,108.19,3779.67,27.35,95.89,1732.08,1625.114551,106.9654491
8.5,0.83,98,1.63,3.03,2.96,108.18,3851.95,27.14,103.46,1725.42,1674.638509,50.78149084
8.5,0.83,93,1.58,3.07,2.99,106.92,3880.94,26.42,104.79,1733.39,1693.812543,39.57745728
8.5,0.83,99,1.57,3.12,3.09,107.04,3888.26,26.41,102.22,1742.35,1685.202133,57.14786736
8.5,0.83,92,1.55,3.03,3.01,107.07,3858.85,26.73,98.22,1741.94,1666.949287,74.99071254
8.5,0.83,95,1.36,2.97,2.93,106.49,3831.98,27.84,100.36,1740.06,1689.291994,50.768006
8.5,0.83,94,1.33,2.82,2.82,105.14,3792.61,27.37,108.8,1769.48,1711.907869,57.57213128
8.5,0.83,92,1.3,2.83,2.85,104.78,3781,29.53,106.01,1809.16,1729.247314,79.91268587
8.5,0.83,90,1.27,2.84,2.88,104.78,3781,29.53,106.01,1810.46,1729.544078,80.91592208
9.1,0.83,67,1.28,2.92,2.98,105.06,3785.99,29.42,109.7,1806.67,1746.285935,60.38406461
9.1,0.83,85,1.12,3.06,3.1,104.46,3825.09,28.8,111.86,1818.93,1767.334985,51.59501509
9.1,0.83,95,1.12,3.1,3.2,103.97,3913,26.9,110.18,1818.44,1772.289041,46.150959
9.1,0.83,90,1.16,3.08,3.2,104.12,3920.76,28.3,107.22,1823.61,1780.321789,43.28821088
9.1,0.83,91,1.19,3.04,3.13,104.38,3821.75,29.07,103.99,1827.54,1741.940491,85.59950946
9.1,0.83,84,1.12,3.01,3.09,104.21,3774.71,29.29,104.42,1824.7,1733.528622,91.17137793
9.1,0.83,85,0.98,3.06,3.16,104.43,3733.89,31.45,109.54,1836.67,1762.71269,73.95730981
9.1,0.83,67,1.08,3.21,3.31,104.44,3715.31,30.63,110.58,1831.39,1745.933933,85.45606677
9.1,0.83,70,1.12,3.2,3.27,103.88,3665.9,32.84,117.08,1839.17,1782.084826,57.08517418
9.1,0.83,84,1.15,3.17,3.25,103.88,3665.9,32.84,117.08,1840.25,1780.953675,59.29632453
9.1,0.83,80,1.19,3.14,3.28,104.9,3728.18,30.35,115.98,1851.01,1757.009821,94.00017886
9.1,0.83,83,1.21,3.2,3.33,105.35,3764.05,32.39,119.07,1833.9,1799.592853,34.30714678
9.1,0.83,81,1.19,3.45,3.49,105.19,3763.52,33.01,121.09,1810.99,1814.769107,-3.779106954
9.1,0.83,75,1.13,3.4,3.43,104.21,3838.15,31.37,120.19,1820.98,1829.992053,-9.012052736
9.1,0.83,76,1.1,3.06,3.15,103.34,3974.39,26.26,121.46,1871.61,1830.965413,40.64458671
9.1,0.83,79,1.05,2.83,3.04,102.56,4101.65,24.29,122.43,1847.09,1863.784653,-16.69465281
9.1,0.83,79,0.89,2.78,3.03,102.39,4147.12,24.37,119.79,1852.82,1877.540684,-24.72068383
9.1,0.83,82,0.87,2.75,2.98,102.49,4096.47,25.54,119.1,1853.62,1871.918172,-18.29817235
9.1,0.83,85,0.88,2.73,3.04,102.17,4134.72,25.37,120.82,1839.64,1890.430294,-50.79029376
9.1,0.33,85,0.87,2.66,2.96,101.75,4137.57,24.91,117.55,1851.1,1829.472474,21.62752586
9.1,0.33,83,0.85,2.65,2.92,102.55,4095.41,25.73,114.8,1869.84,1809.125745,60.71425532
9.1,0.33,85,0.77,2.66,2.94,101.76,4149.78,26.05,115.4,1846.05,1843.574832,2.475168218
8.6,0.33,76,0.73,2.53,2.85,101.44,4151.09,27.47,114.96,1836.44,1858.924597,-22.48459662
8.6,0.33,78,0.72,2.5,2.8,101.72,4077.43,27.5,114.2,1852.52,1828.843624,23.67637586
8.6,0.33,79,0.69,2.47,2.74,101.72,4077.43,27.5,114.2,1853.48,1830.433919,23.04608062
8.6,0.33,81,0.71,2.46,2.75,102.02,3984.6,28.42,110.69,1853.04,1793.693095,59.34690549
8.6,0.33,85,0.58,2.48,2.75,101.77,3929.59,29.33,110.39,1854.09,1790.035853,64.0541465
8.6,0.33,82,0.55,2.5,2.76,102.11,3942.94,29.43,110.41,1867.44,1793.551858,73.88814216
8.6,0.33,82,0.55,2.65,2.86,103.03,3927.02,28.98,110.56,1853.94,1773.132856,80.80714447
8.6,0.33,82,0.63,2.6,2.78,102.9,3927.76,28.78,111.45,1846.53,1774.321033,72.20896659
8.6,0.33,76,0.65,2.63,2.84,103.83,3899,31.24,109.09,1842.17,1776.62497,65.54502976
8.6,0.33,75,0.56,2.68,2.89,103.34,4051.98,26.74,113.66,1816.19,1796.488691,19.70130917
8.6,0.33,80,0.61,2.71,2.98,104.17,4052,27.07,113.87,1814.62,1790.258658,24.36134193
8.6,0.33,84,0.64,2.58,2.88,104.47,4013.02,30.01,110.98,1826.49,1800.45474,26.03526041
8.6,0.33,84,0.67,2.61,2.93,104.77,3963.9,31.09,106.65,1811.09,1777.911408,33.17859208
8.6,0.33,81,0.61,2.56,2.84,104.01,3903.95,33.74,105.63,1820.7,1796.452901,24.24709927
8.6,0.33,78,0.59,2.66,2.91,103.9,3990.08,32.87,99,1854.14,1795.727972,58.41202775
8.6,0.33,72,0.57,2.62,2.99,103.73,4035.18,33.66,102.65,1833.65,1833.900833,-0.250832817
8.6,0.33,75,0.51,2.61,3.05,103.66,4081.27,31.9,110.43,1854.73,1854.590501,0.139499305
8.6,0.33,81,0.48,2.72,3.12,103.56,4128.17,32.23,108.7,1883.86,1870.670979,13.18902146
8.6,0.33,74,0.49,2.71,3.05,102.68,4270.43,25.97,107.58,1874.4,1849.873604,24.52639563
8.6,0.33,77,0.49,2.66,2.93,103.46,4181.18,29.12,103.5,1894.08,1838.076984,56.0030161
8.6,0.33,79,0.48,2.78,2.97,103.6,4159.78,31.76,105.08,1868.47,1867.339562,1.130437637
8.6,0.33,77,0.41,2.73,2.99,103.21,4130.61,33.35,104,1863.28,1877.921218,-14.64121802
8.3,0.33,76,0.37,2.7,2.89,103.67,4253.75,28.97,105.17,1896.95,1865.53349,31.4165104
8.3,0.33,81,0.37,2.63,2.85,103.04,4222.58,29.91,102.11,1895.6,1862.29614,33.30385987
8.3,0.33,78,0.37,2.58,2.82,102.28,4186.52,31.11,101.76,1885.73,1870.947369,14.78263115
8.3,0.33,73,0.38,2.54,2.77,101.73,4278.14,27.38,98.64,1906.63,1853.047541,53.58245896
8.3,0.33,78,0.4,2.63,2.81,101.12,4255.34,30.04,101.38,1899.54,1892.101077,7.438922866
8.3,0.33,74,0.46,2.72,2.9,100.62,4385.83,22.71,104.07,1931.96,1859.016548,72.94345203
8.3,0.33,70,0.5,2.68,2.9,100.35,4489.17,20.24,102.5,1951.27,1861.462893,89.80710747
8.3,0.33,71,0.35,2.6,2.85,100.98,4472.26,21.13,103.05,1956.95,1865.961987,90.98801346
8.3,0.33,70,0.37,2.61,2.93,100.83,4390.63,22.55,107.75,1949.86,1869.501793,80.35820696
8.3,0.33,76,0.38,2.46,2.85,100.5,4385.63,24.52,107.03,1977.34,1892.825181,84.51481914
8.3,0.08,75,0.38,2.46,2.84,99.79,4449.12,21.72,104.2,1974.8,1853.155233,121.6447672
8.3,0.08,71,0.37,2.47,2.83,99.79,4449.12,21.72,104.2,1973.3,1853.828964,119.4710358
8.3,0.08,77,0.26,2.37,2.7,100.34,4394.3,23.52,100.91,1977.25,1844.639149,132.6108513
8.3,0.08,80,0.21,2.39,2.72,100.04,4437.59,24.94,95.17,1966.04,1862.62328,103.4167204
8.3,0.08,80,0.22,2.5,2.79,99.84,4462.64,23.09,98.4,1952.97,1860.416096,92.55390359
8.3,0.08,77,0.2,2.53,2.72,99.82,4494.15,21.25,97.17,1947.57,1847.192128,100.3778716
8.3,0.08,78,0.21,2.47,2.66,99.65,4474.65,21.97,97.16,1933.08,1851.209736,81.87026389
8.3,0.08,77,0.21,2.5,2.61,99.47,4494.17,21.27,101.24,1923.91,1865.796089,58.11391064
8.3,0.08,79,0.18,2.51,2.54,99,4572.45,18.79,103.66,1920.69,1877.417087,43.27291285
8.3,0.08,78,0.18,2.43,2.42,98.57,4547.97,20.75,98.95,1931.59,1883.542265,48.04773485
8.3,0.08,78,0.15,2.44,2.39,98.34,4540.32,20.62,101.23,1924.8,1890.291807,34.50819281
8.5,0.08,57,0.17,2.28,2.32,97.83,4599.02,19.68,107.45,1936.78,1927.676398,9.103602149
8.5,0.08,80,0.16,2.31,2.35,98.37,4624.2,19.38,105.24,1933.98,1919.390927,14.5890726
8.5,0.08,83,0.18,2.35,2.41,99.08,4602.86,19.7,103.47,1916.47,1901.638092,14.83190781
8.5,0.08,77,0.19,2.35,2.46,98.81,4541.09,22.14,112.92,1924.15,1942.453646,-18.30364573
8.5,0.08,78,0.17,2.3,2.48,98.75,4522.91,21.87,111.75,1958.39,1929.070618,29.31938224
8.5,0.08,74,0.16,2.13,2.34,98.64,4469.98,23.61,114.47,1959.36,1943.497384,15.86261606
8.5,0.08,74,0.15,2.13,2.32,98.48,4493.1,23.04,108.85,1946.21,1928.490723,17.71927738
8.5,0.08,76,0.2,2.18,2.38,98.49,4469.1,24.02,112.9,1919.54,1943.211955,-23.67195501
8.5,0.08,76,0.22,2.14,2.32,98.24,4462.4,25.14,105.13,1935.53,1932.147612,3.382388173
8.5,0.08,72,0.19,1.97,2.14,98,4407.34,26.36,103.62,1921.49,1928.104035,-6.614034528
8.5,0.08,73,0.2,1.94,2.2,98.5,4345.11,26.51,95.34,1944.05,1874.300037,69.74996309
8.5,0.08,74,0.24,1.95,2.19,98.89,4288.14,29.02,95.23,1926.98,1880.284544,46.6954555
8.5,0.08,76,0.22,1.85,2.15,99.13,4188.82,33.13,102.28,1918.31,1916.954649,1.355351045
8.5,0.08,72,0.23,1.87,2.14,99.13,4202.75,31.03,109.42,1952.36,1919.473196,32.88680396
8.5,0.08,73,0.17,1.75,2,98.36,4279.5,30.43,105.99,1987.99,1938.704528,49.28547189
8.5,0.08,72,0.19,1.72,1.98,98.06,4252.55,33.03,110.41,1995.61,1978.396124,17.21387553
8.5,0.08,71,0.18,1.68,1.94,99.12,4223.1,33.74,124.66,1990.08,2013.593307,-23.51330719
8.5,0.08,69,0.16,1.63,1.86,99.24,4202.66,36.19,120.67,2043.83,2024.175309,19.65469121
8.5,0.08,71,0.17,1.55,1.78,98.57,4327.01,35.88,121.33,1998.79,2073.69702,-74.90701965
8.5,0.08,72,0.15,1.5,1.74,98.04,4342.12,31.9,107.96,1970.68,1992.139972,-21.45997194
8.5,0.08,68,0.19,1.53,1.86,97.47,4401.31,30.52,111.33,1934.96,2009.739246,-74.77924612
8.5,0.08,70,0.13,1.5,1.86,97.37,4322.56,34.2,107.12,1929.16,2015.724249,-86.56424887
8.5,0.08,64,0.11,1.31,1.72,96.77,4363.14,29.45,96.09,1942.43,1943.036464,-0.606463557
7.9,0.08,65,0.06,1.44,1.83,96.54,4354.17,32.44,94.99,1906.41,1967.997459,-61.58745857
7.9,0.08,69,0.03,1.55,1.97,97,4298.38,31.68,93.32,1889.18,1927.61958,-38.43957987
7.9,0.08,64,0.05,1.54,1.96,96.22,4155.77,37.5,92.52,1906.45,1953.966118,-47.51611804
7.9,0.08,72,0.02,1.58,1.99,96.04,4324.93,28.04,91.74,1910.86,1896.189307,14.67069327
7.9,0.08,72,0.03,1.56,1.94,96.08,4332.74,31.8,91.75,1898.27,1945.71049,-47.44049
7.9,0.08,71,0.03,1.52,1.93,95.83,4384.57,26.66,91.63,1909.53,1902.409014,7.120985588
7.9,0.08,71,0.03,1.47,1.92,95.83,4384.57,26.66,91.63,1897.36,1902.187501,-4.827500837
7.9,0.08,73,0.06,1.49,1.97,95.77,4456.06,24.83,90.9,1900.09,1901.482934,-1.392933519
7.9,0.08,70,0.03,1.52,2.03,96.01,4455.75,25.19,92.21,1869.85,1907.676891,-37.8268906
7.9,0.08,65,0.02,1.58,2.05,96.24,4429.28,28.09,94.83,1853.08,1941.039766,-87.95976608
7.9,0.08,63,0.03,1.58,1.98,96.03,4412.61,29.17,93.91,1871.16,1948.750099,-77.59009867
7.9,0.08,67,0.03,1.5,1.92,95.94,4506.27,24.39,90,1858.69,1911.240661,-52.55066085
7.9,0.08,71,0.05,1.61,2.03,95.57,4553.24,20.37,90.01,1826.92,1879.924802,-53.00480221
7.9,0.08,70,0.04,1.36,1.94,95.59,4547,21.27,89.86,1832.75,1888.115124,-55.36512389
7.9,0.08,70,0.03,1.35,1.96,95.43,4480.02,23.09,91.64,1825.99,1894.04331,-68.05330978
7.9,0.08,72,0.03,1.3,1.92,95.48,4505.75,24.09,91.82,1822.1,1915.923065,-93.82306498
7.9,0.08,69,0.05,1.31,1.93,95.31,4482.79,23.77,90.19,1807.95,1899.697454,-91.74745435
7.9,0.1,72,0.03,1.19,1.82,96.02,4535.41,22.63,87.98,1805.76,1893.610975,-87.85097458
7.9,0.1,72,0.04,1.16,1.78,96.27,4566.39,21.56,88.35,1807.9,1890.39578,-82.49578003
7.9,0.1,75,0.04,1.18,1.81,96.7,4519.57,24.57,88.15,1800.77,1905.666644,-104.8966437
7.5,0.1,78,0.03,1.18,1.79,97.22,4431.79,28.36,87.45,1797.92,1909.511622,-111.5916219
7.5,0.1,82,0.04,1.15,1.78,97.25,4336.19,30.27,87.5,1792.11,1898.683924,-106.573924
7.5,0.1,80,0.04,1.18,1.81,96.55,4380.58,32.19,87.15,1797.32,1943.642749,-146.3227492
7.5,0.1,78,0.06,1.13,1.85,95.96,4408.43,29.35,85.26,1822.01,1916.374501,-94.36450144
7.5,0.1,78,0.05,1.02,1.78,95.93,4366.64,32.29,84.15,1849.68,1935.309151,-85.62915129
7.5,0.1,75,0.05,0.99,1.75,95.64,4356.32,28.2,84.91,1843.57,1886.786774,-43.21677359
7.5,0.1,76,0.05,1.01,1.75,95.81,4471.38,25.38,84.57,1834.58,1890.018807,-55.43880736
7.5,0.1,75,0.05,1.08,1.83,95.59,4547.35,23.46,86.23,1839.01,1899.820969,-60.81096946
7.5,0.1,73,0.05,1.04,1.83,95.77,4588.03,23.12,86.61,1838.58,1909.258422,-70.67842217
7.5,0.1,71,0.05,1.06,1.87,95.22,4632.24,21.18,84.32,1814.33,1898.293607,-83.96360714
7.5,0.1,71,0.05,1.02,1.83,95.73,4637.99,20.11,81.73,1819.22,1874.08751,-54.86751035
7.5,0.1,72,0.05,0.99,1.78,94.87,4637.99,20.11,81.73,1817.43,1883.182654,-65.7526537
7.5,0.1,71,0.05,0.91,1.7,94.99,4733.56,18.06,82.82,1821.16,1894.992102,-73.83210167
7.5,0.1,70,0.04,0.92,1.74,95.58,4728.59,18.17,81.38,1825.36,1883.706328,-58.34632765
7.5,0.1,71,0.04,0.9,1.75,95.93,4669.14,19.62,78.42,1820.88,1867.099087,-46.21908745
7.5,0.1,71,0.05,0.92,1.78,95.74,4655.34,19.58,78.88,1801.52,1864.417872,-62.89787153
7.5,0.1,71,0.05,0.87,1.76,96.26,4697.66,19.85,79.62,1796.41,1880.061642,-83.65164169
7.5,0.1,73,0.04,0.88,1.73,96.2,4693.39,20.29,77.24,1791.61,1877.640169,-86.03016864
7.5,0.1,74,0.05,0.83,1.71,96.31,4787.99,17.07,77.18,1810.28,1869.735566,-59.45556643
7.5,0.1,74,0.06,0.77,1.66,96.19,4804.51,16.57,76.02,1813.88,1867.023164,-53.14316351
7.5,0.1,74,0.05,0.78,1.63,95.67,4778.14,17.6,75.69,1804.27,1875.340405,-71.07040491
